run_name,epoch,loss_d,loss_g,loss_d_recon,D_x,D_G_z_fake,D_G_z_gen,instance_noise_std
g10_fastgan_cropped,1,0.9797800026577095,2.3026461953233026,0.15054807185741334,0.6879775722821554,0.20619791187345982,0.16800123360008,0.05
g10_fastgan_cropped,2,1.2699026583597577,1.3018823854368309,0.11637293919920921,0.5511417960127195,0.35448913648724556,0.3139022185156743,0.049375
g10_fastgan_cropped,3,1.3187925897795578,1.1626574754201133,0.10766313138321557,0.5372985055049261,0.4002545215189457,0.3253438025712967,0.04875
g10_fastgan_cropped,4,1.3523398308918393,1.0900826035388584,0.10251695299842234,0.5123096133271853,0.4000791360934575,0.3476015230019887,0.048125
g10_fastgan_cropped,5,1.334878832615655,1.0762125816324661,0.0970412394802632,0.5068340599536896,0.40472112223505974,0.3541156277060509,0.0475
g10_fastgan_cropped,6,1.3331743905256535,1.1008401772585408,0.09422863772588558,0.5196271203458309,0.4028816098968188,0.3436607612917821,0.046875
g10_fastgan_cropped,7,1.3527259312827011,1.0420044072229286,0.09178342618818941,0.5030885549883047,0.41409734388192493,0.36122511327266693,0.046250000000000006
g10_fastgan_cropped,8,1.3469085313122848,1.0314493366870388,0.08878411468246887,0.510435689240694,0.41347460572918254,0.3626321293413639,0.045625
g10_fastgan_cropped,9,1.3587641823908378,0.9871802232388792,0.08547038055057156,0.5005578200022379,0.4204848272105058,0.3860943702359994,0.045000000000000005
g10_fastgan_cropped,10,1.369535999565289,0.9629702401058428,0.08388317546582427,0.49673036982615787,0.42646271114548046,0.3846663683652878,0.044375
g10_fastgan_cropped,11,1.3654422179378312,0.957185719290684,0.08201300995103245,0.49851623301704723,0.4251718645294507,0.3875865439573924,0.043750000000000004
g10_fastgan_cropped,12,1.3612272821623703,0.9778205698420261,0.08050289583103411,0.5093700736761093,0.426985797782739,0.38293707619110745,0.043125000000000004
g10_fastgan_cropped,13,1.3668655917562287,0.9545333855624857,0.0790141299366951,0.5004504372676214,0.4245983436703682,0.394062173863252,0.0425
g10_fastgan_cropped,14,1.3655441136195743,0.9454803636361813,0.07752103470908157,0.49739307537674904,0.42515157038966817,0.3928823371728261,0.041875
g10_fastgan_cropped,15,1.3736805021762848,0.9484597924968292,0.07662959428953714,0.49464693168799084,0.43614865591128665,0.3967847190797329,0.04125
g10_fastgan_cropped,16,1.3728977400681068,0.9310117895747053,0.07524582069238712,0.497737143188715,0.4317448375125726,0.40059508631626767,0.040625
g10_fastgan_cropped,17,1.3784497817014825,0.919716818579312,0.07424664262939117,0.4918176581462224,0.4333597036699454,0.40803444137175876,0.04000000000000001
g10_fastgan_cropped,18,1.3799997717142105,0.9228434714263883,0.07366404451172927,0.4941294814149539,0.43774692714214325,0.4028760604560375,0.039375
g10_fastgan_cropped,19,1.3824983141545593,0.913196092792626,0.07323181940692253,0.4915502903362115,0.4343623009820779,0.4071210448940595,0.03875000000000001
g10_fastgan_cropped,20,1.3804627420573399,0.9092277206223587,0.0716501207187258,0.49045035367210704,0.438230952868859,0.41169026121497154,0.038125
g10_fastgan_cropped,21,1.3780934045027042,0.9144888155419251,0.0714156671973138,0.4927670682470004,0.43275458738207817,0.4040817233423392,0.037500000000000006
g10_fastgan_cropped,22,1.3727063413324028,0.9149931227338726,0.07066419592191434,0.4940907259782155,0.4372260831296444,0.40933453912536305,0.036875000000000005
g10_fastgan_cropped,23,1.3744619761047692,0.9090573497373482,0.0697364772445169,0.4920678685108821,0.431576207280159,0.4098396934568882,0.03625
g10_fastgan_cropped,24,1.3718121673526436,0.915033160612501,0.06897195261614077,0.4934661115209262,0.43479061002532643,0.40281373138229054,0.035625000000000004
g10_fastgan_cropped,25,1.3722178247468224,0.9135866979586666,0.06833843800142922,0.49389632418751717,0.43392488236228627,0.40941691895325977,0.034999999999999996
g10_fastgan_cropped,26,1.3744228718609646,0.9152279000343948,0.06810970100220935,0.48542242621382076,0.43471671765049297,0.4044206415613492,0.034375
g10_fastgan_cropped,27,1.3704404671644341,0.9136522915856592,0.06750653160671735,0.4949852302670479,0.43894072622060776,0.40645986050367355,0.03375
g10_fastgan_cropped,28,1.370865506344828,0.9047717146318535,0.06682346509127267,0.4909197228650252,0.4324802818397681,0.4099530602494876,0.033125
g10_fastgan_cropped,29,1.371215813118836,0.9092302420015993,0.06656210704160662,0.4921770530442397,0.4368513338267803,0.40899518008033436,0.0325
g10_fastgan_cropped,30,1.372629311578027,0.9040072575725359,0.06606581749330306,0.490201685577631,0.43535566205779713,0.41092969477176666,0.031875
g10_fastgan_cropped,31,1.3694653043459202,0.9069130973055445,0.06549857926137488,0.4933207109570503,0.4381020317475001,0.4097513308127721,0.03125
g10_fastgan_cropped,32,1.36879980821034,0.9023597299538809,0.06497546874693241,0.4937823638319969,0.43836382155617076,0.40923955912391347,0.030625000000000003
g10_fastgan_cropped,33,1.3664105863406741,0.9089825924100547,0.0644869290067461,0.48775412887334824,0.43232062458992004,0.4062754114468892,0.03
g10_fastgan_cropped,34,1.3682818448749081,0.9058592710001715,0.06421528263659827,0.49219736953576404,0.4349289797246456,0.4141452486316363,0.029375000000000002
g10_fastgan_cropped,35,1.3642612572374015,0.9100726318770441,0.06395412316738532,0.4958565831184387,0.43476275975505513,0.40746503074963886,0.028749999999999998
g10_fastgan_cropped,36,1.3650952053481136,0.9050209383512365,0.06353359044818528,0.4917488731443882,0.4365989826619625,0.4118427199621995,0.028125
g10_fastgan_cropped,37,1.3666600250992282,0.9052530491146548,0.06316249053282984,0.49133780722816783,0.43589990586042404,0.4127689301967621,0.027500000000000004
g10_fastgan_cropped,38,1.3627149082463363,0.9109823100011925,0.0627950359906616,0.4946134351193905,0.43363312383492786,0.40896503751476604,0.026875
g10_fastgan_cropped,39,1.3618513489591664,0.9098520517863077,0.06247665029789867,0.494549219806989,0.43471095835169155,0.40725848575433093,0.026250000000000002
g10_fastgan_cropped,40,1.3578662204331364,0.9108043246228119,0.06225099836893637,0.4957776479423046,0.4327872345844905,0.40649938955903053,0.025625
g10_fastgan_cropped,41,1.361975407805936,0.9057719799978979,0.06224631927586321,0.49024777859449387,0.43225708107153576,0.41286637509862584,0.025
g10_fastgan_cropped,42,1.3589560132602165,0.9095612849140989,0.06155875757143929,0.4941209616760413,0.43327657505869865,0.41284627715746564,0.024375000000000004
g10_fastgan_cropped,43,1.355969384826463,0.9066154055040458,0.061381411096402286,0.4916003259519736,0.4273921487232049,0.410678468644619,0.02375
g10_fastgan_cropped,44,1.3584954306997101,0.9102444407241098,0.06094496343927137,0.48852425441145897,0.43034809455275536,0.41186050077279407,0.023125000000000003
g10_fastgan_cropped,45,1.360713775815635,0.9090162769987665,0.06074538913651787,0.4936879600087802,0.4321334275106589,0.4053385766843955,0.0225
g10_fastgan_cropped,46,1.3575162286388462,0.9078639147096667,0.06039385125041008,0.4943402136365573,0.4322871131201585,0.40740813439091045,0.021875000000000002
g10_fastgan_cropped,47,1.3571890875183303,0.9078206399391437,0.06028124153742503,0.4855966816345851,0.42692455649375916,0.41426704451441765,0.021250000000000005
g10_fastgan_cropped,48,1.35821050354119,0.9133752638409878,0.060329524045488955,0.49685734137892723,0.438221192608277,0.40843817343314487,0.020625
g10_fastgan_cropped,49,1.3536950128859486,0.9056839290364035,0.05981762797154229,0.49355874831477803,0.4328821649154027,0.4139290687938531,0.020000000000000004
g10_fastgan_cropped,50,1.354220631307569,0.9077366104927557,0.05940924843387871,0.494707631568114,0.4323568269610405,0.4063944071531296,0.019375
g10_fastgan_cropped,51,1.3569420473328953,0.9088253777088791,0.05934804880285058,0.49579131479064625,0.4344411976635456,0.40704316024978954,0.018750000000000003
g10_fastgan_cropped,52,1.3535557296769372,0.9076648398206152,0.05887080395016177,0.49082717796166736,0.43296559527516365,0.41316548859079677,0.018125000000000002
g10_fastgan_cropped,53,1.3537155441169082,0.908279657106975,0.058952757976306926,0.4916510197023551,0.42780035858352977,0.41379063700636226,0.017499999999999998
g10_fastgan_cropped,54,1.351640473152029,0.9082072490248186,0.05845060148115816,0.49809692427515984,0.4343559828897317,0.40791381895542145,0.016875
g10_fastgan_cropped,55,1.3511317305523773,0.9093125472808706,0.05832720085464675,0.4938364438712597,0.43345142404238385,0.4096924861272176,0.016249999999999997
g10_fastgan_cropped,56,1.351452069549725,0.907291179073268,0.05831186865167371,0.4951174147427082,0.4304250590503216,0.4072650447487831,0.015625
g10_fastgan_cropped,57,1.351217923493221,0.9121221879432941,0.05825099430914069,0.49736640229821205,0.43451423694690067,0.40888990089297295,0.015000000000000003
g10_fastgan_cropped,58,1.3477879814032852,0.9117467354597717,0.05772451451048255,0.4937136769294739,0.42991820971171063,0.40954921767115593,0.014374999999999999
g10_fastgan_cropped,59,1.3486140252187335,0.9116712818885672,0.05754282161721896,0.4954233728349209,0.43065566197037697,0.4127796987692515,0.013750000000000002
g10_fastgan_cropped,60,1.347743084718441,0.9113852510164524,0.0573479240471176,0.49666009470820427,0.42977796246608096,0.4059956669807434,0.013124999999999998
g10_fastgan_cropped,61,1.3463345565672578,0.9129904947918037,0.05716414396362058,0.49609872450431186,0.4282017908990383,0.4115901750822862,0.0125
g10_fastgan_cropped,62,1.3467033469471439,0.9126971882992777,0.05731434832680328,0.49893417706092197,0.43440210695068043,0.4083113595843315,0.011875000000000004
g10_fastgan_cropped,63,1.343752536280402,0.9120662895769909,0.056766836454385315,0.49879733845591545,0.4327685882647832,0.40774358063936234,0.01125
g10_fastgan_cropped,64,1.3467934871542042,0.9141647016693806,0.05639105885899786,0.4909250425795714,0.43128300582369167,0.4098610815902551,0.010625000000000002
g10_fastgan_cropped,65,1.3441357972293064,0.9122002918658585,0.0566489606903031,0.49688417340318364,0.4318331442773342,0.4101104450722535,0.009999999999999998
g10_fastgan_cropped,66,1.3438271135091782,0.9189060669520805,0.05640482179948996,0.49755192920565605,0.42824822167555493,0.41022109736998874,0.009375000000000001
g10_fastgan_cropped,67,1.3408145092684647,0.9178923915686279,0.056196114257106494,0.4921100474894047,0.42132728298505145,0.41201401005188626,0.008750000000000003
g10_fastgan_cropped,68,1.3365947732637669,0.9187594621345915,0.055723374420455815,0.5025904724995295,0.4289003424346447,0.40281037117044133,0.008124999999999999
g10_fastgan_cropped,69,1.338086827561773,0.919314739005319,0.05591028382808998,0.49802352488040924,0.42662768935163814,0.40405065069595975,0.0075000000000000015
g10_fastgan_cropped,70,1.3364701558803689,0.9249681008273157,0.05583395699745622,0.5017004559437434,0.428216823687156,0.40039928381641704,0.006874999999999998
g10_fastgan_cropped,71,1.333334441842704,0.9196783247692831,0.05528261939641731,0.49603549391031265,0.42217306171854335,0.40788399676481885,0.00625
g10_fastgan_cropped,72,1.3337790477892448,0.916909841114077,0.05538406118686343,0.5017832132677237,0.4330257972081502,0.40805330127477646,0.005625000000000002
g10_fastgan_cropped,73,1.3349241480745118,0.9165219551530378,0.055403472293682136,0.4986322025458018,0.42954858765006065,0.4024527706205845,0.004999999999999999
g10_fastgan_cropped,74,1.3329645456938908,0.9269543688358932,0.0550316606070204,0.5075732432305813,0.42942510545253754,0.40297309805949527,0.004375000000000001
g10_fastgan_cropped,75,1.3338579114141136,0.9248731891656744,0.054836252591861735,0.49607936789592105,0.42680104449391365,0.40499786908427876,0.003749999999999998
g10_fastgan_cropped,76,1.3314025730922305,0.926162883382419,0.05509619350577223,0.5000898937384287,0.42535194382071495,0.40524886424342793,0.003125
g10_fastgan_cropped,77,1.330889784570398,0.9166307824439016,0.054759827699383784,0.49715665355324745,0.4260133430361748,0.4149494295318921,0.0025000000000000022
g10_fastgan_cropped,78,1.330152050688349,0.9223880274542446,0.05455200565208135,0.4966977847119172,0.4240383990108967,0.40782441571354866,0.001874999999999999
g10_fastgan_cropped,79,1.3287939192919895,0.924432171572899,0.05426251475602902,0.4992176567514737,0.4246055831511815,0.40893736233313877,0.0012500000000000011
g10_fastgan_cropped,80,1.3295040711246688,0.9291309608981527,0.05457403965230132,0.5029982042809328,0.42515099545319873,0.4057213291525841,0.0006249999999999978
g10_fastgan_cropped,81,1.3282284685249985,0.9263752151666016,0.05421857208270451,0.49397966141502064,0.4171670153737068,0.40568165481090546,0.0
g10_fastgan_cropped,82,1.3262676334586636,0.9265909541783661,0.05426562155179422,0.5040799478689829,0.42732887094219524,0.4028487416605155,0.0
g10_fastgan_cropped,83,1.3230386052666039,0.9314620258479283,0.05397076121178167,0.501946988205115,0.4178305057187875,0.4009687292079131,0.0
g10_fastgan_cropped,84,1.3259589204500462,0.92931560760942,0.05406517448738731,0.506016343832016,0.4266119624177615,0.3968991848329703,0.0
g10_fastgan_cropped,85,1.3228768064030285,0.9300141784137693,0.05386092746630311,0.5037564026812712,0.42512387161453563,0.3963435689608256,0.0
g10_fastgan_cropped,86,1.3244104277471016,0.9288565023192044,0.053686037611473225,0.4981736180682977,0.4227191284298897,0.4013052781422933,0.0
g10_fastgan_cropped,87,1.3216166414063553,0.9307184946434252,0.05380468913514552,0.49767302225033444,0.4189055648942788,0.4029676044980685,0.0
g10_fastgan_cropped,88,1.3241330796274646,0.9314103365458292,0.05343542914387995,0.5064936665197214,0.42469124495983124,0.40237070495883626,0.0
g10_fastgan_cropped,89,1.3193264074366668,0.9312143667504705,0.05349279943339784,0.502777395149072,0.42073091367880505,0.40189912418524426,0.0
g10_fastgan_cropped,90,1.3209705702189742,0.9290453665729227,0.05329957080940748,0.501542662580808,0.4260001877943675,0.3969268277287483,0.0
g10_fastgan_cropped,91,1.3197752134553318,0.9310994122562737,0.05323261411154065,0.5033637024462223,0.4215552310148875,0.40726666897535324,0.0
g10_fastgan_cropped,92,1.317564660105212,0.9274351501773144,0.053138632198859906,0.49805958072344464,0.4179561672111352,0.4099036393066247,0.0
g10_fastgan_cropped,93,1.3169693972530037,0.9374431209831402,0.05312634460178429,0.5106478619078795,0.4284186114867528,0.39420760174592334,0.0
g10_fastgan_cropped,94,1.317379074363873,0.9351384981439032,0.052958379066067526,0.5019282214343548,0.41868119686841965,0.4006190312405427,0.0
g10_fastgan_cropped,95,1.3156730347666248,0.9351350539203348,0.05330372556787113,0.5086037553846836,0.42623673876126605,0.3942689796288808,0.0
g10_fastgan_cropped,96,1.3127462951273754,0.9416442901409906,0.05303416918192444,0.5040550430615743,0.415354801962773,0.3993312393625577,0.0
g10_fastgan_cropped,97,1.3110601352206592,0.93485855259772,0.05277698287933037,0.4991355960567792,0.41504165281852085,0.4066406885782878,0.0
g10_fastgan_cropped,98,1.3103783711277206,0.946491509419063,0.05286184394860576,0.5075038063029448,0.4204506613314152,0.3942941476901372,0.0
g10_fastgan_cropped,99,1.3134100647835896,0.9409180427419728,0.052657333620149516,0.504720900207758,0.41897864267230034,0.39958146462837857,0.0
g10_fastgan_cropped,100,1.309854354324012,0.9439893757988667,0.05276610048744699,0.4971876032650471,0.412158561249574,0.39913536856571835,0.0
g10_fastgan_cropped,101,1.3080383307974914,0.9423048509092167,0.052578646513023256,0.500659741461277,0.41878461589415866,0.3992440079649289,0.0
g10_fastgan_cropped,102,1.3088033538440178,0.9422689609486481,0.0525382608978142,0.5076632139583429,0.41912741959095,0.39208053673307103,0.0
g10_fastgan_cropped,103,1.3070718959487717,0.943934771007505,0.05226481493947835,0.5036443546414375,0.41709070404370624,0.3997635754446189,0.0
g10_fastgan_cropped,104,1.3088482356277005,0.94234270653848,0.05226372643213334,0.5107939429581165,0.4234200157225132,0.3958882788817088,0.0
g10_fastgan_cropped,105,1.3062891400065915,0.9454984777960284,0.05254847761885873,0.5016110564271609,0.4137368177374204,0.397507656365633,0.0
g10_fastgan_cropped,106,1.3043001982672462,0.9501846810353214,0.05236906872998024,0.5027183132867018,0.4150187286237876,0.39377528925736743,0.0
g10_fastgan_cropped,107,1.3017004491954014,0.9516147942892437,0.05196569998074194,0.5108375089863936,0.41814441109697026,0.388496994972229,0.0
g10_fastgan_cropped,108,1.3020813804248283,0.9470290138289846,0.052364930060916935,0.5058569858471552,0.414673055211703,0.3984440875550111,0.0
g10_fastgan_cropped,109,1.3030446228282204,0.9467275445831234,0.05211265956790283,0.5077613244454066,0.41506726418932277,0.40231214215358096,0.0
g10_fastgan_cropped,110,1.3025053230852917,0.9543712239327102,0.05208633594407604,0.5011093740661939,0.4068046150108178,0.3965585095187028,0.0
g10_fastgan_cropped,111,1.2973641994698295,0.9507599087624714,0.05206069250687443,0.5081991106271744,0.4118012438217799,0.3998712847630183,0.0
g10_fastgan_cropped,112,1.299607710591678,0.9546601042665285,0.05187448758053882,0.5054427695771059,0.41234928866227466,0.3972747524579366,0.0
g10_fastgan_cropped,113,1.2976087496198456,0.957098963188714,0.05195925959610734,0.5172390540440878,0.42253603289524716,0.3922277254362901,0.0
g10_fastgan_cropped,114,1.2981628158996845,0.9523325544492952,0.05168844743406978,0.5126569072405497,0.412122360120217,0.396519485861063,0.0
g10_fastgan_cropped,115,1.2968440148337135,0.9545262458509413,0.05192193114359317,0.5059869363903999,0.4130393887559573,0.39858022704720497,0.0
g10_fastgan_cropped,116,1.2973015020633567,0.95054655753333,0.05179262262415783,0.507658256838719,0.4119606452683608,0.39178258553147316,0.0
g10_fastgan_cropped,117,1.295357136376973,0.9532064412688387,0.051707084499427985,0.5105173240105311,0.4157823820908864,0.3884240761399269,0.0
g10_fastgan_cropped,118,1.2952991251287789,0.9523039277771423,0.051724234049947096,0.5087446508308252,0.4190456060071786,0.39976459617416066,0.0
g10_fastgan_cropped,119,1.2940103899815987,0.9569356659876889,0.051458508932384954,0.5043539516627789,0.41112904995679855,0.40032297496994335,0.0
g10_fastgan_cropped,120,1.2950946544778759,0.9522795006632805,0.051701769007947936,0.514600350211064,0.41561010604103404,0.3961455176273982,0.0
g10_fastgan_cropped,121,1.2914165576984142,0.9589614295240106,0.05151905782585,0.5124368034303188,0.41621358320116997,0.3931148697932561,0.0
g10_fastgan_cropped,122,1.2917962351749683,0.9596506192766386,0.05137854637899276,0.5072064287960529,0.41061501453320187,0.39931539446115494,0.0
g10_fastgan_cropped,123,1.2894105715998287,0.9584438410298578,0.05149455016864271,0.5185118069251379,0.4202647879719734,0.3856777350107829,0.0
g10_fastgan_cropped,124,1.2899935055395653,0.9629464568249111,0.051544951997568894,0.5093509145081043,0.4118276697893937,0.38883032898108166,0.0
g10_fastgan_cropped,125,1.2869070048989921,0.9599188946444412,0.051358225048872934,0.5181351800759634,0.4201120585203171,0.38943758358558017,0.0
g10_fastgan_cropped,126,1.2909843001900048,0.9608551723689869,0.05157394861352855,0.5173266256848971,0.41647761811812717,0.3889530325929324,0.0
g10_fastgan_cropped,127,1.2877913405155312,0.9567076589526802,0.05141265536176747,0.5112444820503393,0.4100082740187645,0.39615727340181667,0.0
g10_fastgan_cropped,128,1.2885311713506435,0.9612329368447435,0.05116643290966749,0.5123233683407307,0.40972164024909336,0.39533525084455806,0.0
g10_fastgan_cropped,129,1.285912889858772,0.9648992997305147,0.05146449939187231,0.507924468566974,0.4060012710591157,0.3937594269712766,0.0
g10_fastgan_cropped,130,1.2840699065348198,0.9587322355344378,0.05128435180361929,0.5190825325747331,0.4143186993896961,0.39069758728146553,0.0
g10_fastgan_cropped,131,1.2863833554859818,0.9622335816765654,0.051278170262431276,0.5114239503939947,0.41009146844347316,0.38942380373676616,0.0
g10_fastgan_cropped,132,1.2833896284473354,0.9637535805332249,0.05128645768453335,0.5236494516332945,0.4153880588710308,0.38755083084106445,0.0
g10_fastgan_cropped,133,1.2833727814000229,0.9676422736254232,0.051120268277310095,0.5080670130749544,0.4066915127138297,0.3947797777752082,0.0
g10_fastgan_cropped,134,1.2818475524927009,0.9659233391284943,0.051176987620520184,0.5139779783785343,0.4073113401730855,0.39467982078591984,0.0
g10_fastgan_cropped,135,1.2806242868818085,0.9712063575099255,0.0511016581721347,0.5176468628148237,0.4115884304046631,0.38951680436730385,0.0
g10_fastgan_cropped,136,1.2822670910892815,0.970824756242078,0.05100549203504262,0.5114625530938307,0.40807653963565826,0.3931785610814889,0.0
g10_fastgan_cropped,137,1.2816459803745663,0.9651780339150593,0.05109458710548693,0.5162137821316719,0.4157312363386154,0.38543667768438655,0.0
g10_fastgan_cropped,138,1.2786187560393893,0.9694877695934526,0.050974672339085876,0.5114613175392151,0.4049971600373586,0.3924521865944068,0.0
g10_fastgan_cropped,139,1.2775184928343213,0.9719758866162136,0.05089466718571453,0.512068742265304,0.40432024871309596,0.3872082146505515,0.0
g10_fastgan_cropped,140,1.2781285427767655,0.9711907246503336,0.05107452697923471,0.5021309405565262,0.4001486785709858,0.39976129680871964,0.0
g10_fastgan_cropped,141,1.2775874009420132,0.9659184050457231,0.05082041697962017,0.5138814188539982,0.4100228051344554,0.3897487123807271,0.0
g10_fastgan_cropped,142,1.2767742260776718,0.9699629850942513,0.050891797267029,0.518505722284317,0.41138212755322456,0.38454635565479595,0.0
g10_fastgan_cropped,143,1.276136434797583,0.9697588291661493,0.05094358039184891,0.5157402145365874,0.41269852841893834,0.38546942298611003,0.0
g10_fastgan_cropped,144,1.2741581268351654,0.9695271114850866,0.05091393843357419,0.5209319914380709,0.4135683923959732,0.38781702642639476,0.0
g10_fastgan_cropped,145,1.2765493752627537,0.9783491510255583,0.05088123573182986,0.5053716786205769,0.3977690239747365,0.3974198140203953,0.0
g10_fastgan_cropped,146,1.27209032455395,0.9775135946171037,0.050793158227642035,0.5268327010174593,0.4148760711153348,0.3830489094058673,0.0
g10_fastgan_cropped,147,1.2723873838268478,0.9707789860408882,0.05062095745434535,0.5270216390490532,0.4157034133871396,0.3804495645066102,0.0
g10_fastgan_cropped,148,1.2745832806003505,0.9713005117815117,0.051047051630528834,0.5054297434786955,0.3947486455241839,0.4010476755599181,0.0
g10_fastgan_cropped,149,1.2735998969653557,0.9750344067298132,0.050849376679879835,0.5145473480224609,0.4025905467569828,0.38753040755788487,0.0
g10_fastgan_cropped,150,1.2743841373714908,0.9781905859708786,0.050707346952423966,0.528426468372345,0.4190711552898089,0.37597854683796567,0.0
g10_fastgan_cropped,151,1.2708204943558266,0.9745629504323006,0.050536101796375264,0.5215934701263905,0.40997899944583577,0.3877829524377982,0.0
g10_fastgan_cropped,152,1.2708766578600323,0.9763771054045908,0.05063568986952305,0.5220013310511907,0.41263092681765556,0.3824871319035689,0.0
g10_fastgan_cropped,153,1.2724102129196297,0.9798034565715954,0.0506966892019685,0.5246380915244421,0.414407870421807,0.37810881932576496,0.0
g10_fastgan_cropped,154,1.269390422208556,0.9769836088706707,0.05046136108837251,0.5181093439459801,0.4044639505445957,0.3854056696097056,0.0
g10_fastgan_cropped,155,1.2674527296732212,0.9789337711087589,0.050734621135453725,0.517997441192468,0.40527527406811714,0.3874926033119361,0.0
g10_fastgan_cropped,156,1.2711997335327083,0.9779756878470552,0.050651159811893415,0.5082996686299642,0.3970963681737582,0.3934675802787145,0.0
g10_fastgan_cropped,157,1.2686855284304455,0.9749105983767016,0.05049957078078698,0.5225712222357591,0.4079251264532407,0.38119054585695267,0.0
g10_fastgan_cropped,158,1.2694213251615394,0.9766243431588699,0.05042699186516733,0.5151105262339115,0.40388960267106694,0.39015653853615123,0.0
g10_fastgan_cropped,159,1.2663959865940029,0.977948475500633,0.05040452830043846,0.5221773348748684,0.40956927215059596,0.38178932045896846,0.0
g10_fastgan_cropped,160,1.267303484267202,0.9803403210023354,0.050363117684449614,0.531046616534392,0.4189664150277774,0.37568750729163486,0.0
g10_fastgan_cropped,161,1.2673842706556977,0.9798201772159544,0.05049966116724857,0.523565216610829,0.40922749787569046,0.3795660473406315,0.0
g10_fastgan_cropped,162,1.2671183984855126,0.9818374314184847,0.050350894236230646,0.5288277566432953,0.417759387443463,0.3757210026184718,0.0
g10_fastgan_cropped,163,1.2660581931985657,0.9787712880763514,0.050372792295469294,0.5181770014266173,0.40311825027068454,0.38307754322886467,0.0
g10_fastgan_cropped,164,1.2658822536468506,0.9821479713608479,0.050669265043889654,0.5242495959003767,0.4078170731663704,0.38171300167838734,0.0
g10_fastgan_cropped,165,1.2650913431726654,0.9770534544669348,0.05027928996574262,0.5143176813920339,0.4016646333038807,0.3858055000503858,0.0
g10_fastgan_cropped,166,1.2646941799542,0.9816532484416304,0.05041091367281202,0.5155073752005895,0.40198343495527905,0.3925359211862087,0.0
g10_fastgan_cropped,167,1.2635474189602096,0.986970079613143,0.05017122920152956,0.5112940991918246,0.3976469325522582,0.38602862134575844,0.0
g10_fastgan_cropped,168,1.2615737010692727,0.9814426552118927,0.05020515623919923,0.5227015167474747,0.40892965719103813,0.38195690761009854,0.0
g10_fastgan_cropped,169,1.2611094312421207,0.9830314272950436,0.050301881105606926,0.5194597492615382,0.4041815772652626,0.388153104732434,0.0
g10_fastgan_cropped,170,1.26364944823857,0.9804046246512182,0.05020727032538632,0.5156569468478361,0.40149926021695137,0.3934147283434868,0.0
g10_fastgan_cropped,171,1.2614830192820778,0.9834764561262624,0.05034136046366445,0.5185790074368318,0.3990635673205058,0.38502633819977444,0.0
g10_fastgan_cropped,172,1.2595821094924007,0.9859469620318249,0.050051107938433516,0.5207681258519491,0.4051060949762662,0.38290885587533313,0.0
g10_fastgan_cropped,173,1.2609484755787357,0.980206136559618,0.05048311798801196,0.5171817988157272,0.40711891651153564,0.38617155080040294,0.0
g10_fastgan_cropped,174,1.2605385862547775,0.9865416524739101,0.05015191768199719,0.5228679229815801,0.4055913972357909,0.3849965234597524,0.0
g10_fastgan_cropped,175,1.2593272348930096,0.9872824886235697,0.050112291223144735,0.5179188052813212,0.3979656460384528,0.3873192369937897,0.0
g10_fastgan_cropped,176,1.2601311073221009,0.9873458195863098,0.050107990150693164,0.5254670095940431,0.40466707944869995,0.38589995975295704,0.0
g10_fastgan_cropped,177,1.259502955037972,0.9856924175702292,0.050254735646062886,0.5325391168395678,0.41392525658011436,0.3795669712126255,0.0
g10_fastgan_cropped,178,1.2576284285249382,0.9852719905561415,0.05008384577351911,0.5266554492215315,0.40625890096028644,0.3840053007006645,0.0
g10_fastgan_cropped,179,1.2578009289914165,0.9867332297666319,0.05014933884978808,0.5305971428751945,0.4088464019199212,0.3778139067192872,0.0
g10_fastgan_cropped,180,1.2576815455124295,0.9841710506328221,0.049902918491640996,0.5239678670962652,0.4009144976735115,0.38792598868409794,0.0
g10_fastgan_cropped,181,1.2566783602895408,0.9904155397209627,0.049998862187153305,0.514630988240242,0.3969814193745454,0.39037662744522095,0.0
g10_fastgan_cropped,182,1.2556190423924347,0.9915522611860571,0.05015727792513268,0.5144134350121021,0.39337459082404774,0.3876417006055514,0.0
g10_fastgan_cropped,183,1.2556350411012256,0.9918135139962723,0.05022074439530742,0.5193706154823303,0.3967413467665513,0.38540375729401904,0.0
g10_fastgan_cropped,184,1.255075941311902,0.9863063199766751,0.050047821590098844,0.5174856248001257,0.3962957113981247,0.3928871179620425,0.0
g10_fastgan_cropped,185,1.2549061955049121,0.9878259347430591,0.05015562233868344,0.5179951414465904,0.3969075679779053,0.3936609700322151,0.0
g10_fastgan_cropped,186,1.2562104684525524,0.9936626838712856,0.050077729729999756,0.5171346962451935,0.3961422046025594,0.3852919576068719,0.0
g10_fastgan_cropped,187,1.2541543718042045,0.991748480704324,0.05013763140244731,0.5230965589483579,0.4041505853335063,0.3839097134768963,0.0
g10_fastgan_cropped,188,1.2551693053081119,0.9925878908613632,0.04995884926154696,0.5239618445436159,0.4025305099785328,0.3800094599525134,0.0
g10_fastgan_cropped,189,1.2519297039714352,0.9945036879387396,0.050138114823092675,0.5209980557362238,0.4025399771829446,0.3798307441174984,0.0
g10_fastgan_cropped,190,1.2538984325425377,0.9910571341370714,0.05000624364113499,0.5249280706048012,0.4015488649408023,0.3856569081544876,0.0
g10_fastgan_cropped,191,1.2521612325619007,0.987456404957278,0.04997836539907188,0.5277512073516846,0.4039845292766889,0.3848858152826627,0.0
g10_fastgan_cropped,192,1.2537848764452442,0.9942402711202358,0.0499866198234517,0.5209530952076117,0.400325957685709,0.385998656352361,0.0
g10_fastgan_cropped,193,1.24957383398352,0.9925387172863401,0.04991709341391407,0.5392974155644575,0.41480230788389844,0.3703875131905079,0.0
g10_fastgan_cropped,194,1.254216722887138,0.989610608538677,0.04991990054861225,0.516799962768952,0.39434677362442017,0.3872967064380646,0.0
g10_fastgan_cropped,195,1.24949176095683,0.9934577595057159,0.04992876744604316,0.5354003955920538,0.41120127215981483,0.37476716935634613,0.0
g10_fastgan_cropped,196,1.2503867704292824,0.9942731525877426,0.05001006391027878,0.5147670966883501,0.3960847556591034,0.39079682404796284,0.0
g10_fastgan_cropped,197,1.2485931525970329,1.0002000858557636,0.049959091341187215,0.5270158052444458,0.4021342595418294,0.3779887656370799,0.0
g10_fastgan_cropped,198,1.2518746611373177,0.9975940212607384,0.05004422721485126,0.5160644923647245,0.3938927712539832,0.38671176756421727,0.0
g10_fastgan_cropped,199,1.2481598633116688,0.9954218252979475,0.04988390247433864,0.5304561158021291,0.40940431877970695,0.3776256814599037,0.0
g10_fastgan_cropped,200,1.2501870095729828,0.9943298741147436,0.04980813981644038,0.5252385996282101,0.40232693776488304,0.38524212315678596,0.0
g10_fastgan_cropped,201,1.2491756708457553,0.9953183978796005,0.04996035371682253,0.5150445339580377,0.39412454267342883,0.38079626609881717,0.0
g10_fastgan_cropped,202,1.2484723853653874,1.0019522332425774,0.049923846931678464,0.5245579952994982,0.40045669053991634,0.3805070606370767,0.0
g10_fastgan_cropped,203,1.247531312806853,0.9963582137535358,0.050007594058868184,0.5339152254164219,0.40852120518684387,0.3799506363769372,0.0
g10_fastgan_cropped,204,1.2481699092634793,0.9949765639572308,0.04975910743313103,0.5352130830287933,0.41037945076823235,0.37201081961393356,0.0
g10_fastgan_cropped,205,1.2434223936549549,1.0024228951540486,0.04960882984872522,0.5228989173968633,0.39224011326829594,0.3814820585151513,0.0
g10_fastgan_cropped,206,1.2466390734088832,0.999040320258716,0.049695825669914484,0.5258168851335844,0.39959296956658363,0.38115938877065975,0.0
g10_fastgan_cropped,207,1.2460105809672126,0.9996042773127556,0.04977346397936344,0.5135770365595818,0.38973312576611835,0.3881632263461749,0.0
g10_fastgan_cropped,208,1.2441069997590164,0.9935735333068617,0.04985259861910138,0.5295927586654822,0.40145717685421306,0.3795350044965744,0.0
g10_fastgan_cropped,209,1.2461797759450715,0.9988571916674746,0.04969511279065547,0.5302262107531229,0.4034699313342571,0.37970953434705734,0.0
g10_fastgan_cropped,210,1.2452376608190865,0.9987983868039888,0.04978358625145308,0.5190931508938471,0.38949624449014664,0.37781666467587155,0.0
g10_fastgan_cropped,211,1.2449413137189274,0.9992431363668935,0.0497478522874158,0.5253191987673441,0.3999678095181783,0.3856467654307683,0.0
g10_fastgan_cropped,212,1.2435970732877994,0.9934900975946722,0.0496228935100652,0.5311606153845787,0.4077231486638387,0.37338555107514065,0.0
g10_fastgan_cropped,213,1.2439632682964719,1.0063971653580666,0.04942138338911122,0.5201096758246422,0.39423925677935284,0.3840593136847019,0.0
g10_fastgan_cropped,214,1.2422195703818881,0.9977778211749834,0.04979720649084654,0.5247415068248907,0.3961314919094245,0.38381610562403995,0.0
g10_fastgan_cropped,215,1.2456556486672368,1.0011355910321762,0.049637216721372356,0.5233067472775778,0.3951550063987573,0.3805072158575058,0.0
g10_fastgan_cropped,216,1.2404592463682438,1.001783194213078,0.049690598252646885,0.5289251059293747,0.4003100482126077,0.3794686583181222,0.0
g10_fastgan_cropped,217,1.2427111262905186,0.9994286152309385,0.049740313279346145,0.5248460148771604,0.3997502401471138,0.37484292685985565,0.0
g10_fastgan_cropped,218,1.242257548817273,1.0028008420405716,0.04939996480042565,0.540842400242885,0.4148563966155052,0.36157403513789177,0.0
g10_fastgan_cropped,219,1.2415721889199882,1.0002861852789748,0.04964169264160868,0.5262863946457704,0.39752354845404625,0.37469769020875293,0.0
g10_fastgan_cropped,220,1.2420479994395683,1.0052145054114277,0.049733432587878455,0.5397456188996633,0.4084370769560337,0.368009274204572,0.0
g10_fastgan_cropped,221,1.2421027216418037,0.9960105051768238,0.04955667560791661,0.5272368503113588,0.39701863129933673,0.3795355794330438,0.0
g10_fastgan_cropped,222,1.2429449542843063,0.994077374452147,0.049663055077965916,0.5319782582422098,0.4066376065214475,0.37372520193457603,0.0
g10_fastgan_cropped,223,1.2396974178223774,1.004374731974355,0.04951273039754095,0.538638866196076,0.4083948868016402,0.3719947102169196,0.0
g10_fastgan_cropped,224,1.2403061461859737,1.0053366885103028,0.049525557182215414,0.5233654367427031,0.39240649218360585,0.38187818477551144,0.0
g10_fastgan_cropped,225,1.2401863346839774,1.0008607193313797,0.049636706099684895,0.5200803428888321,0.3967380113899708,0.3796936360498269,0.0
g10_fastgan_cropped,226,1.2405118726450821,1.0052595323529736,0.049375053045564686,0.5337833352386951,0.4054845708111922,0.3678758790095647,0.0
g10_fastgan_cropped,227,1.2394013050301322,1.0013405444293186,0.049369588927847555,0.5105684958398342,0.38002538805206615,0.3895222743352254,0.0
g10_fastgan_cropped,228,1.2381775502500862,1.0087396271269897,0.04957890799590226,0.5360312002400557,0.4047044441103935,0.37311943992972374,0.0
g10_fastgan_cropped,229,1.2386728545715069,0.9997136949979025,0.04936982580492723,0.5259918483595053,0.393540898958842,0.3837638261417548,0.0
g10_fastgan_cropped,230,1.236016696383213,1.0023358382027725,0.04941912860898622,0.5413723289966583,0.4068233172098796,0.375333854307731,0.0
g10_fastgan_cropped,231,1.2393180841001972,1.005372479557991,0.04929367155800092,0.5354238351186117,0.410756425311168,0.36467061564326286,0.0
g10_fastgan_cropped,232,1.2368390719438422,1.0048669980003917,0.04928322573160303,0.5148015320301056,0.3872885728875796,0.3853389744957288,0.0
g10_fastgan_cropped,233,1.2381124681439892,1.0038800077705547,0.049379630206987775,0.5442139357328415,0.40919917573531467,0.3638860322535038,0.0
g10_fastgan_cropped,234,1.2372113301836212,1.0081704135598808,0.049411775174968205,0.529944583773613,0.3954463762541612,0.3732752228776614,0.0
g10_fastgan_cropped,235,1.2376563703191692,1.009003797995633,0.04926321653906127,0.5337939945360025,0.4008864611387253,0.3719623349606991,0.0
g10_fastgan_cropped,236,1.2377300909880935,1.0061038172450558,0.04937564396973828,0.5353812947869301,0.4018974391122659,0.3756626509130001,0.0
g10_fastgan_cropped,237,1.238241223939534,1.004358619965356,0.0494572492637511,0.5231065725286802,0.39303595076004666,0.37459896504879,0.0
g10_fastgan_cropped,238,1.2360051592876171,1.0045080804105462,0.04913294719981736,0.5424415916204453,0.41017260278264683,0.36608421926697093,0.0
g10_fastgan_cropped,239,1.2335200006591862,1.0062102028008164,0.049324630631198144,0.5254992308715979,0.39346156517664593,0.3796632078786691,0.0
g10_fastgan_cropped,240,1.2365828135917927,1.0063101844540958,0.04926350109022239,0.5218242506186167,0.3952011937896411,0.37961503739158314,0.0
g10_fastgan_cropped,241,1.2352382227264602,1.0089168512615665,0.04928099633804683,0.525945940365394,0.39371051266789436,0.3794155729313691,0.0
g10_fastgan_cropped,242,1.236607015132904,1.0073116881580189,0.04937349870030222,0.52693614239494,0.39365387335419655,0.3785918466746807,0.0
g10_fastgan_cropped,243,1.2330269941995884,1.007774861722157,0.0490919249774567,0.5264114215970039,0.3922625382741292,0.374780351916949,0.0
g10_fastgan_cropped,244,1.2352764914775718,1.0037150442086418,0.04918610251604997,0.5251061369975408,0.3896959039072196,0.38113900522391003,0.0
g10_fastgan_cropped,245,1.235224049152999,1.0104691627724418,0.049246611169956885,0.5372426211833954,0.40621737390756607,0.3703564815223217,0.0
g10_fastgan_cropped,246,1.2342639313689594,1.0056654744107147,0.049192837969367874,0.5340130912760893,0.39752542103330296,0.38015904029210407,0.0
g10_fastgan_cropped,247,1.2334419910250038,1.013520410348629,0.04916315406946273,0.5253594120343527,0.3967549614608288,0.3754868507385254,0.0
g10_fastgan_cropped,248,1.2322970284470196,1.0093695390327224,0.0492125580023075,0.5205488465726376,0.38570482408006984,0.38823577885826427,0.0
g10_fastgan_cropped,249,1.2337536596018692,1.005024357088681,0.049144614166740715,0.5294860179225603,0.393938560038805,0.37822824344038963,0.0
g10_fastgan_cropped,250,1.2332770649729103,1.0116287210378154,0.04902937110706136,0.5296896261473497,0.3937440887093544,0.37195268894235295,0.0
g10_fastgan_cropped,251,1.2315854060238804,1.0060914849926685,0.04916074375846777,0.5378911929825941,0.40315915271639824,0.37422265857458115,0.0
g10_fastgan_cropped,252,1.231891659827068,1.0097999064059093,0.04914347320024309,0.5296544544398785,0.39691774795452756,0.38153857613603276,0.0
g10_fastgan_cropped,253,1.2344174816690643,1.0108234504687374,0.04910875800675873,0.5252592066923777,0.39124031737446785,0.3796050623059273,0.0
g10_fastgan_cropped,254,1.2339915324901711,1.0124584554598248,0.04917829589725568,0.5270106208821138,0.39516615867614746,0.3709707396725814,0.0
g10_fastgan_cropped,255,1.2297555809390956,1.0065622514691845,0.049189358869374825,0.5415855161845684,0.40647462631265324,0.3636291561027368,0.0
g10_fastgan_cropped,256,1.2317371630463108,1.00826166390345,0.049060382414609194,0.5371688281496366,0.4005555423597495,0.3713918787737687,0.0
g10_fastgan_cropped,257,1.2318120901954586,1.0132227000491372,0.049234607112433375,0.5374242998659611,0.40364690373341244,0.3653758118549983,0.0
g10_fastgan_cropped,258,1.2305951072224255,1.0060008646085346,0.04903529619733835,0.5261026422182719,0.3918128199875355,0.3788514621555805,0.0
g10_fastgan_cropped,259,1.231640594272778,1.010839304533498,0.049014071725180436,0.5293529120584329,0.3965421977142493,0.37435747558871907,0.0
g10_fastgan_cropped,260,1.229243122298142,1.0065338244212085,0.04908393676681765,0.5288655223945776,0.3951054277519385,0.38514290750026703,0.0
g10_fastgan_cropped,261,1.230253439011245,1.014773746759727,0.04908441427838186,0.534128966430823,0.39851434901356697,0.377291701734066,0.0
g10_fastgan_cropped,262,1.2305333819882622,1.0179793585477204,0.048960468619419585,0.5358234246571859,0.39804429560899734,0.36742447564999264,0.0
g10_fastgan_cropped,263,1.2313101291656494,1.0126599011750057,0.04909296301675254,0.5220538911720117,0.3868496206899484,0.38750241696834564,0.0
g10_fastgan_cropped,264,1.2300015508100903,1.0122276832317483,0.04900595014272579,0.5285722215970358,0.3884816492597262,0.37862873325745267,0.0
g10_fastgan_cropped,265,1.2299999137376916,1.0149157843713104,0.048997352188774226,0.5322058039406935,0.3943091134230296,0.3762244942287604,0.0
g10_fastgan_cropped,266,1.22884969824347,1.0077133312307556,0.04898176093360987,0.5360229375461737,0.3975313939154148,0.37402144198616344,0.0
g10_fastgan_cropped,267,1.2289654622817863,1.0086435151511226,0.0490432416474254,0.5384473490218321,0.40047486623128253,0.3702794760465622,0.0
g10_fastgan_cropped,268,1.2260183162730316,1.0121265313234822,0.04899584784589965,0.5323185448845228,0.39508583520849544,0.37074186528722447,0.0
g10_fastgan_cropped,269,1.2290984731296013,1.0145060805411175,0.048846722050602066,0.5277522777517637,0.3854817859828472,0.3820895565052827,0.0
g10_fastgan_cropped,270,1.2299486922806706,1.0131036759964351,0.04885914586163286,0.5263959430158138,0.39482824380199116,0.37296109832823277,0.0
g10_fastgan_cropped,271,1.2291271804735577,1.011672751143061,0.04900270828912998,0.5358170345425606,0.3999849495788415,0.3734848735233148,0.0
g10_fastgan_cropped,272,1.2274797003844689,1.0124106949259495,0.04893876000403844,0.5296562102933725,0.3979478677113851,0.3754960174361865,0.0
g10_fastgan_cropped,273,1.2286821521561722,1.0097691388479595,0.04898729588001453,0.5223221145570278,0.38709211846192676,0.38278503840168315,0.0
g10_fastgan_cropped,274,1.2270698259616721,1.0082825070311283,0.048880469343014835,0.5466575163106123,0.4050195092956225,0.3699423472086589,0.0
g10_fastgan_cropped,275,1.2291681771648342,1.0139765914144188,0.0488480855068513,0.5384658103187879,0.4021568112075329,0.36816006774703663,0.0
g10_fastgan_cropped,276,1.2259967244904617,1.011743026817667,0.04886400775084722,0.53955635552605,0.3987887042264144,0.37222643320759136,0.0
g10_fastgan_cropped,277,1.227871842939278,1.0097190180215343,0.048858322877565336,0.5347793462375799,0.3980718565483888,0.3689971553782622,0.0
g10_fastgan_cropped,278,1.2267752187005405,1.0167701565499963,0.04877590705993874,0.5339310069878896,0.39889740695556003,0.36458437144756317,0.0
g10_fastgan_cropped,279,1.2257939037577859,1.0154584900572383,0.048723773420627774,0.5281859710812569,0.3888949565589428,0.3693253869811694,0.0
g10_fastgan_cropped,280,1.227798982940871,1.011729256860141,0.04898896034614279,0.5324052311480045,0.3966831862926483,0.3705437195797761,0.0
g10_fastgan_cropped,281,1.226634986955544,1.0122292342370953,0.0487711683782781,0.5322787115971247,0.39321377873420715,0.37025341019034386,0.0
g10_fastgan_cropped,282,1.2253278432221248,1.0140306736374725,0.04904476272199174,0.5428925280769666,0.4072813205420971,0.3677353411912918,0.0
g10_fastgan_cropped,283,1.2263702971154247,1.0126989332252536,0.048877340918085696,0.5299935477475325,0.39428089186549187,0.3760312870144844,0.0
g10_fastgan_cropped,284,1.225787518867131,1.0205806591387452,0.048665856605331445,0.5256018663446108,0.3873648668328921,0.37537676344315213,0.0
g10_fastgan_cropped,285,1.2271510121123543,1.0157800843489582,0.04897341801752818,0.5405141537388166,0.4032795615494251,0.36758149166901904,0.0
g10_fastgan_cropped,286,1.226107984267432,1.0138763338327408,0.04887736914679408,0.5287175836662451,0.3908212122817834,0.376439409951369,0.0
g10_fastgan_cropped,287,1.2242478640942738,1.014780484910669,0.04869174618466661,0.5239248437186083,0.39029955863952637,0.3802637147406737,0.0
g10_fastgan_cropped,288,1.2243994253462758,1.0185985531786392,0.04869471790654392,0.5354474435249964,0.39593340332309407,0.3742118179798126,0.0
g10_fastgan_cropped,289,1.2252497169478187,1.0151102401573082,0.04857167683477546,0.5252377353608608,0.39014797906080884,0.37785639986395836,0.0
g10_fastgan_cropped,290,1.2227830727552544,1.0119292219651157,0.048681605237953625,0.5261401782433192,0.38336944580078125,0.3798774567743142,0.0
g10_fastgan_cropped,291,1.2246690217790932,1.0132309822686787,0.04875408532097936,0.5451637767255306,0.40407219901680946,0.3636968694627285,0.0
g10_fastgan_cropped,292,1.2245942369617264,1.0176116582648507,0.04853583258929951,0.5300399598975977,0.39054977397123974,0.378494964291652,0.0
g10_fastgan_cropped,293,1.2237371144623592,1.0149435552543606,0.048683351772869456,0.5332061337927977,0.3946535972257455,0.3722258135676384,0.0
g10_fastgan_cropped,294,1.2234530803458443,1.0183753286456239,0.04890591350930004,0.5375326586266359,0.4018333628773689,0.3642522183557351,0.0
g10_fastgan_cropped,295,1.2238535151399415,1.0174034656635647,0.0485615040304075,0.5349125936627388,0.39983851338426274,0.37363534917434055,0.0
g10_fastgan_cropped,296,1.2247536038530284,1.0109660550951958,0.04859875365770582,0.5392962135374546,0.40211615959803265,0.3717926926910877,0.0
g10_fastgan_cropped,297,1.224948344559505,1.0169161059733094,0.04875200954747611,0.5371790726979574,0.39849543447295827,0.3753325740496318,0.0
g10_fastgan_cropped,298,1.2227696884295036,1.0102494721268784,0.048537513353572835,0.5308854455749193,0.39072302232186,0.3707163830598195,0.0
g10_fastgan_cropped,299,1.2250578696357792,1.018571640653857,0.04858089798804501,0.5435921748479208,0.4025668278336525,0.36456644907593727,0.0
g10_fastgan_cropped,300,1.2230040708492542,1.0184321480578389,0.04861522326245904,0.5373601267735163,0.39818226794401806,0.3639393722017606,0.0
g10_fastgan_cropped,301,1.2235337100152313,1.0159459206564674,0.04842632819480937,0.525239626566569,0.3851509081820647,0.3757004414995511,0.0
g10_fastgan_cropped,302,1.2195544427838818,1.0225308915150577,0.0486913306221109,0.5335998820761839,0.39365942527850467,0.3726540431380272,0.0
g10_fastgan_cropped,303,1.2230634134391258,1.0161186556877762,0.048530356573133634,0.5396038008232912,0.3943414129316807,0.3665603883564472,0.0
g10_fastgan_cropped,304,1.2230721357567558,1.0199100364898812,0.04858724732786931,0.5326609934369723,0.393162339925766,0.3701996107896169,0.0
g10_fastgan_cropped,305,1.2228168187470272,1.014684593883054,0.04841675652704876,0.5244448768595854,0.38649031644066173,0.3758949500819047,0.0
g10_fastgan_cropped,306,1.2205545912528861,1.0154334165412804,0.048503594986837484,0.5322124361991882,0.39049168800314266,0.37098530555764836,0.0
g10_fastgan_cropped,307,1.2220145001493652,1.0145752779368697,0.048562218049733805,0.5363196817537149,0.3971998604635398,0.3683105868597825,0.0
g10_fastgan_cropped,308,1.2198533061249504,1.0171254670311665,0.04853492352212298,0.5243213698267937,0.38590021928151447,0.38311397284269333,0.0
g10_fastgan_cropped,309,1.2216784543004529,1.0178615019239228,0.04822161626713029,0.5291626503070196,0.3890797396500905,0.37260718271136284,0.0
g10_fastgan_cropped,310,1.2226130505060326,1.0191616513605775,0.048426225781440735,0.5275826131304105,0.38390124092499417,0.3706814336280028,0.0
g10_fastgan_cropped,311,1.220749763065371,1.0173572456014568,0.04855526750907302,0.5362699031829834,0.3914956922332446,0.3700723921259244,0.0
g10_fastgan_cropped,312,1.2205793143346393,1.0173732006344303,0.04857550039566282,0.524182602763176,0.3873824526866277,0.37724169467886287,0.0
g10_fastgan_cropped,313,1.220511992943698,1.0165384229401062,0.04841438171871264,0.5218505772451559,0.38420745730400085,0.3806101257602374,0.0
g10_fastgan_cropped,314,1.22163333718119,1.0156546605044399,0.04837948751860652,0.5415041819214821,0.4011663521329562,0.3662189232806365,0.0
g10_fastgan_cropped,315,1.2197519715490013,1.0188588566821197,0.048458221416663505,0.5396468366185824,0.39871403699119884,0.365036740899086,0.0
g10_fastgan_cropped,316,1.2211265019301711,1.0192887875540504,0.04840623983984877,0.5325142169992129,0.39151499544580776,0.3752498726050059,0.0
g10_fastgan_cropped,317,1.2206129025796364,1.0161763344859254,0.048418729373350226,0.526145227253437,0.38358056793610257,0.3789394088089466,0.0
g10_fastgan_cropped,318,1.2206025735057633,1.0189033196917896,0.04822311022094097,0.5360711415608724,0.3920584445198377,0.37592435503999394,0.0
g10_fastgan_cropped,319,1.2223383440025921,1.0171565017823516,0.048259902584912445,0.5371486991643906,0.39893971011042595,0.37067751213908195,0.0
g10_fastgan_cropped,320,1.2195985553593471,1.0225605016638493,0.04828084624725683,0.5220478835205237,0.38144723574320477,0.38347917795181274,0.0
g10_fastgan_cropped,321,1.2198894455515106,1.022080285025054,0.04858501570235039,0.5379429732759794,0.39211496834953624,0.3709927114347617,0.0
g10_fastgan_cropped,322,1.220728465709193,1.016077131546777,0.04821287657551725,0.5277220246692499,0.3870328863461812,0.3844261094927788,0.0
g10_fastgan_cropped,323,1.2197966303290992,1.014866560440639,0.04835233557969332,0.5265941011408964,0.38661117230852443,0.3749205668767293,0.0
g10_fastgan_cropped,324,1.2201386715831428,1.0150870919741433,0.048449566186373604,0.5177310332655907,0.3805505459507306,0.38627078632513684,0.0
g10_fastgan_cropped,325,1.2211885354642211,1.0181361760558754,0.04848155669932221,0.5260839673380057,0.3832939527928829,0.38522322103381157,0.0
g10_fastgan_cropped,326,1.2192930466142193,1.0175581813372414,0.04811610599401696,0.535286565621694,0.3913182119528453,0.36969439685344696,0.0
g10_fastgan_cropped,327,1.2195486040978596,1.0163392748298317,0.04809026445808082,0.5347213633358479,0.39703594023982686,0.3710363879799843,0.0
g10_fastgan_cropped,328,1.2215661606911956,1.0206439787971562,0.04836706073697785,0.5491686947643757,0.4027874345580737,0.3607682138681412,0.0
g10_fastgan_cropped,329,1.2185488034938943,1.0219412348393737,0.04836718871354543,0.5255601741373539,0.3873816840350628,0.3730913462738196,0.0
g10_fastgan_cropped,330,1.218454449855048,1.0198115130950665,0.04830604685663149,0.5381269007921219,0.3928283341228962,0.37226517498493195,0.0
g10_fastgan_cropped,331,1.2203016111562992,1.0239211947753513,0.04822131007074796,0.527865736434857,0.38883284976085025,0.3702432190378507,0.0
g10_fastgan_cropped,332,1.2194995104238904,1.011586086246474,0.048202011300700495,0.5281476775805155,0.38806723927458125,0.3784824348986149,0.0
g10_fastgan_cropped,333,1.2191454552370926,1.019003510988992,0.04822925505517372,0.5381176148851713,0.3987838166455428,0.3668101094663143,0.0
g10_fastgan_cropped,334,1.218560303593504,1.0173548537081685,0.04819457491474419,0.5285008599360784,0.3909485600888729,0.37427501132090885,0.0
g10_fastgan_cropped,335,1.2192057823312694,1.0205412229587292,0.04829045449351442,0.5406009741127491,0.39970892295241356,0.36844845737020177,0.0
g10_fastgan_cropped,336,1.217926587010252,1.0200936781435177,0.048378085316126716,0.5401954464614391,0.3963147650162379,0.3721998867889245,0.0
g10_fastgan_cropped,337,1.2215025414680611,1.0136695956361705,0.048025599729012824,0.5248529637853304,0.3856535541514556,0.380810668071111,0.0
g10_fastgan_cropped,338,1.2186321138307965,1.016023494560143,0.04820524125584755,0.5434118881821632,0.4024372821052869,0.36898153523604077,0.0
g10_fastgan_cropped,339,1.2193591779675976,1.0213833669650143,0.04825682677970878,0.538874726742506,0.3990815083185832,0.3665645358463128,0.0
g10_fastgan_cropped,340,1.2195350486656715,1.0136140302337449,0.04810684782870371,0.5236889446775118,0.382697269320488,0.3783043138682842,0.0
g10_fastgan_cropped,341,1.2183255625182186,1.0163508586842438,0.04828521602883421,0.5286415033042431,0.3882717601954937,0.3698721031347911,0.0
g10_fastgan_cropped,342,1.2190179362379272,1.0197356484573463,0.04821908257195148,0.5275384684403738,0.38935018206636113,0.3766806311905384,0.0
g10_fastgan_cropped,343,1.2183256842966736,1.0173432665138409,0.04812158403340085,0.5255177517731985,0.3809809324642022,0.3754299332698186,0.0
g10_fastgan_cropped,344,1.2208620926429485,1.0172864131886383,0.04824182689832202,0.5310724588731924,0.39293109253048897,0.3764761971930663,0.0
g10_fastgan_cropped,345,1.2171750407794426,1.0179191637655784,0.04825194414448122,0.5377408439914385,0.3942308301726977,0.3651215260227521,0.0
g10_fastgan_cropped,346,1.2196295348734691,1.0204932979982475,0.04803242396306375,0.5377756940821806,0.39975254982709885,0.3682848500708739,0.0
g10_fastgan_cropped,347,1.2170842413244576,1.015974663968744,0.04804854270006562,0.5321699964503447,0.3881625793874264,0.3728324994444847,0.0
g10_fastgan_cropped,348,1.2179802620205387,1.0228596496684799,0.04808621291585009,0.5391420647501945,0.39643528933326405,0.3704645608862241,0.0
g10_fastgan_cropped,349,1.2196322828531265,1.0192742707400486,0.048127301197884415,0.5255966658393542,0.38699450219670933,0.3733089603483677,0.0
g10_fastgan_cropped,350,1.2184095819448602,1.0185187132707958,0.048020167581351664,0.5318571937580904,0.39109853903452557,0.37008367975552875,0.0
g10_fastgan_cropped,351,1.2188616086696755,1.0145784033269718,0.048019218595762705,0.5349749773740768,0.39750244840979576,0.3698542167743047,0.0
g10_fastgan_cropped,352,1.2172821205237816,1.01950358625116,0.04793042989833088,0.5206636550525824,0.37911564980943996,0.3831155026952426,0.0
g10_fastgan_cropped,353,1.2188504235497837,1.0239472543371135,0.048087740333044325,0.5271825318535169,0.3876659907400608,0.36950178320209187,0.0
g10_fastgan_cropped,354,1.2177359389847722,1.0219879230034763,0.04801358640643543,0.524879635622104,0.384424635519584,0.3754071928560734,0.0
g10_fastgan_cropped,355,1.2155501405740607,1.0181166090328118,0.048088324737959896,0.5177712850272655,0.3774133076270421,0.37462356065710384,0.0
g10_fastgan_cropped,356,1.2180547878660004,1.015411822703378,0.048020993423616064,0.525424255679051,0.38279974460601807,0.3758682894210021,0.0
g10_fastgan_cropped,357,1.216600708406547,1.019101975292995,0.04814784488929757,0.5359054630001386,0.39454251279433566,0.36976837490995723,0.0
g10_fastgan_cropped,358,1.2172594239999508,1.018185664610616,0.047963134944438934,0.5445510869224867,0.4041487437983354,0.35960227996110916,0.0
g10_fastgan_cropped,359,1.2180633580890194,1.0178492362129277,0.04812379545885427,0.5437854255239168,0.4003145322203636,0.3688405367235343,0.0
g10_fastgan_cropped,360,1.215950413510717,1.0220384166158478,0.04808920727850034,0.5328869099418322,0.3897547932962577,0.3692940336962541,0.0
g10_fastgan_cropped,361,1.215805890231297,1.018385183194588,0.0479569594086758,0.526944433649381,0.3828306769331296,0.37685035541653633,0.0
g10_fastgan_cropped,362,1.2189225431146293,1.0191672392960252,0.04800983988840518,0.5385818692545096,0.39884282400210697,0.36602503682176274,0.0
g10_fastgan_cropped,363,1.216725969109042,1.0195816357074112,0.047895472544919826,0.5265964108208815,0.38140058765808743,0.379437072823445,0.0
g10_fastgan_cropped,364,1.216815368882541,1.0187151336978222,0.047863803964493606,0.5251799176136652,0.38490482419729233,0.3735150595506032,0.0
g10_fastgan_cropped,365,1.2188383258622268,1.0209364531369045,0.04800921127778189,0.5280994176864624,0.3872677758336067,0.3765100526312987,0.0
g10_fastgan_cropped,366,1.2172943595154533,1.0189345689683125,0.04791951474958453,0.5366877789298693,0.3948788729806741,0.3707641003032525,0.0
g10_fastgan_cropped,367,1.2164193360969937,1.0194479252757698,0.047953678953365005,0.5282334250708421,0.38622356206178665,0.3814854919910431,0.0
g10_fastgan_cropped,368,1.217896208167076,1.0214981056492904,0.04787035544948845,0.5354054185251395,0.39402706176042557,0.37019313375155133,0.0
g10_fastgan_cropped,369,1.2174234297768822,1.0179383369355366,0.0478531402728424,0.5452617270251116,0.4034876835842927,0.36220090339581174,0.0
g10_fastgan_cropped,370,1.2155880496419709,1.0223206949645076,0.047834984797598984,0.5359591953456402,0.3895258580644925,0.37197447940707207,0.0
g10_fastgan_cropped,371,1.2174290896489703,1.0141528181988617,0.04774593942445414,0.5272234318157037,0.38758618757128716,0.3761243981619676,0.0
g10_fastgan_cropped,372,1.2154137081113354,1.0139566577714065,0.04798407393411316,0.5228417764107386,0.3829513068000476,0.3889622005323569,0.0
g10_fastgan_cropped,373,1.215728780832784,1.020710209577248,0.04762961198415222,0.5399377544720968,0.3959738252063592,0.3732783297697703,0.0
g10_fastgan_cropped,374,1.216188915330788,1.0158860542137047,0.04773651692887832,0.5375124203662077,0.3922046224276225,0.37903501093387604,0.0
g10_fastgan_cropped,375,1.2177368340821102,1.0194253348584832,0.047884937054638206,0.521050134052833,0.3826075941324234,0.37983079502979916,0.0
g10_fastgan_cropped,376,1.217402902656588,1.0180126939868104,0.047886341569367157,0.5397153670589129,0.3970531572898229,0.37147290756305057,0.0
g10_fastgan_cropped,377,1.2152974574730313,1.0205556537056792,0.04779162807068948,0.525591067969799,0.38398222749431926,0.3736986890435219,0.0
g10_fastgan_cropped,378,1.2145867388823937,1.0182950021377926,0.047686651027921974,0.5219030032555262,0.3800879741708438,0.3769058585166931,0.0
g10_fastgan_cropped,379,1.2167225701027904,1.0226274207234383,0.04764130207356708,0.5396511889994144,0.4025753860672315,0.36382658531268436,0.0
g10_fastgan_cropped,380,1.215614261298344,1.0169092961426438,0.04777702013159107,0.5328833224872748,0.38927488774061203,0.3690184938410918,0.0
g10_fastgan_cropped,381,1.216667307348087,1.0183193858327537,0.047922133596549774,0.5369207772115866,0.39559728155533475,0.3682498087485631,0.0
g10_fastgan_cropped,382,1.2135990092466618,1.0162558838211257,0.047722399796776734,0.53227856879433,0.39177095765868825,0.37673988193273544,0.0
g10_fastgan_cropped,383,1.2166649688934457,1.0161844055200446,0.047898616352728726,0.5348175267378489,0.3927147202193737,0.36701281492908794,0.0
g10_fastgan_cropped,384,1.2161840056550914,1.0219701060961033,0.04779430676315879,0.5471936737497648,0.40389298771818477,0.3660670630633831,0.0
g10_fastgan_cropped,385,1.214704418490673,1.0197892970052258,0.047792847011366796,0.5409035111467043,0.39687085275848705,0.36674588546156883,0.0
g10_fastgan_cropped,386,1.21620088147706,1.0207402526304639,0.04773818362696931,0.5386931411921978,0.39457489798466366,0.36792290086547536,0.0
g10_fastgan_cropped,387,1.2163159939749488,1.0203877397138497,0.047873138112883115,0.5348443724215031,0.389567032456398,0.3741021106640498,0.0
g10_fastgan_cropped,388,1.2141811225948662,1.0256849794552243,0.0477578353201007,0.5355803718169531,0.39290102074543637,0.3690073365966479,0.0
g10_fastgan_cropped,389,1.2150223332232442,1.019156125855857,0.047678956569268786,0.5491774703065554,0.4083876349031925,0.36795791362722713,0.0
g10_fastgan_cropped,390,1.2157697389865745,1.017811309931607,0.04777838994652547,0.5478072762489319,0.40137581899762154,0.3606906371812026,0.0
g10_fastgan_cropped,391,1.2170547863532757,1.0167371730866104,0.04778938385625851,0.5383489653468132,0.39759693046410877,0.3745068870484829,0.0
g10_fastgan_cropped,392,1.2134874272963097,1.0174996822044766,0.04769188578336917,0.5328678066531817,0.3887587785720825,0.37680868183573085,0.0
g10_fastgan_cropped,393,1.2157651715237519,1.0164799297164226,0.04759247824228529,0.5375559367239475,0.39813032746315,0.36572396258513135,0.0
g10_fastgan_cropped,394,1.2160846257004245,1.0188831920767654,0.04770580738590195,0.5386708950002989,0.3972501667837302,0.36505771055817604,0.0
g10_fastgan_cropped,395,1.2136508190426334,1.02011578093315,0.047405101776379965,0.537480623771747,0.3969580220679442,0.36901367207368213,0.0
g10_fastgan_cropped,396,1.2142735395965905,1.0202623770154755,0.0476635475803552,0.5295033045113087,0.38570696239670116,0.38164979095260304,0.0
g10_fastgan_cropped,397,1.2144746795810502,1.0212625108402351,0.04751927842353952,0.5176132383445898,0.37488872433702153,0.38085659965872765,0.0
g10_fastgan_cropped,398,1.2164361744091428,1.0173864680631408,0.047538873482624006,0.5364237663646539,0.39321987330913544,0.36569124087691307,0.0
g10_fastgan_cropped,399,1.214348390698433,1.0205473005771637,0.04738941237908499,0.5405207797884941,0.3983532711863518,0.3723679222166538,0.0
g10_fastgan_cropped,400,1.2146280032807384,1.0161122620619576,0.047614445941972325,0.5375447000066439,0.3920678459107876,0.3672840657333533,0.0
g10_fastgan_cropped,401,1.2147720106716813,1.0193257401215619,0.04766325551438434,0.5271650490661463,0.38876740882794064,0.3739892306427161,0.0
g10_fastgan_cropped,402,1.214312685974713,1.0158082349547024,0.0476123973373966,0.5249074647823969,0.3837837874889374,0.37683822214603424,0.0
g10_fastgan_cropped,403,1.2143502697862427,1.0206254291637191,0.04756110342990222,0.5548865546782812,0.40773209432760876,0.35574766248464584,0.0
g10_fastgan_cropped,404,1.2156812245475834,1.0205688258183414,0.04747822757103834,0.5505119959513346,0.40201860417922336,0.353189608703057,0.0
g10_fastgan_cropped,405,1.2141832591130817,1.0165313284458786,0.04751321238240805,0.5360340836147467,0.3918237214287122,0.3747967593371868,0.0
g10_fastgan_cropped,406,1.2121621118537311,1.0172518270796742,0.0474969874425181,0.5409771713117758,0.399997999270757,0.36377762506405514,0.0
g10_fastgan_cropped,407,1.21535797930997,1.021431277538168,0.04753176175892867,0.5453427682320277,0.4021396500368913,0.3697126818199952,0.0
g10_fastgan_cropped,408,1.2141415656640613,1.020851964323685,0.047591212478562676,0.5363154994944731,0.3909464043875535,0.3693458636601766,0.0
g10_fastgan_cropped,409,1.2149585547118351,1.018547682669656,0.04733916865019449,0.5320490896701813,0.3934411145746708,0.371652086575826,0.0
g10_fastgan_cropped,410,1.2137570155077968,1.0193397019957673,0.047487641026362264,0.5487319280703863,0.40314248700936633,0.355012945830822,0.0
g10_fastgan_cropped,411,1.214428566653153,1.0180546448662364,0.047407131385186624,0.5301460983852545,0.38868346189459163,0.3751511760056019,0.0
g10_fastgan_cropped,412,1.2128958784300705,1.019206711187445,0.0473791785730884,0.5413262421886126,0.3967264083524545,0.37355461592475575,0.0
g10_fastgan_cropped,413,1.2137440710232175,1.0224854637836587,0.04745637232052355,0.5438085782031218,0.39962737758954364,0.3568836251894633,0.0
g10_fastgan_cropped,414,1.2131353652682797,1.0189535368619294,0.04742853040004085,0.5199480205774307,0.38004927337169647,0.3810863718390465,0.0
g10_fastgan_cropped,415,1.213957702805256,1.0157586148586766,0.047315200774705614,0.551762027045091,0.4091617887218793,0.3594810279707114,0.0
g10_fastgan_cropped,416,1.214372723266996,1.0235469965585346,0.04747253118468256,0.5438460918764273,0.39934111883242923,0.3642110675573349,0.0
g10_fastgan_cropped,417,1.213606013820089,1.0201352477587502,0.04719416476015387,0.5297041162848473,0.3870832758645217,0.37481122091412544,0.0
g10_fastgan_cropped,418,1.2131257118849919,1.0173948376343167,0.047394138921437595,0.5309743471443653,0.38692853848139447,0.3746764349440734,0.0
g10_fastgan_cropped,419,1.2127221350012154,1.0186067531848777,0.04744250669368896,0.5350808352231979,0.38961227362354595,0.36787552759051323,0.0
g10_fastgan_cropped,420,1.2143440436700295,1.0212159966086518,0.047509838377350365,0.5293966121971607,0.3869538890818755,0.37594303861260414,0.0
g10_fastgan_cropped,421,1.2131220611004994,1.0204036580077533,0.04727001098016727,0.5480454117059708,0.39996350432435673,0.36754856010278064,0.0
g10_fastgan_cropped,422,1.213132431794857,1.0178485517871791,0.04751065084389571,0.5317503822346529,0.3886352318028609,0.3745418426891168,0.0
g10_fastgan_cropped,423,1.2135563461944974,1.0172910397422725,0.047224374632511674,0.536959624538819,0.39797426387667656,0.3677592985332012,0.0
g10_fastgan_cropped,424,1.212835477343921,1.0200715345041504,0.047464836356711795,0.5377184227108955,0.3938235938549042,0.37195372581481934,0.0
g10_fastgan_cropped,425,1.213540522702809,1.0117461624844322,0.047273376715722785,0.5283337074021498,0.38761478165785473,0.37233201662699383,0.0
g10_fastgan_cropped,426,1.2139770948681339,1.0185592901603928,0.04756451126766102,0.5376816106339296,0.39520420506596565,0.36629366626342136,0.0
g10_fastgan_cropped,427,1.2138175594395604,1.0184212231944347,0.04734344611843598,0.5280657348533472,0.3849310427904129,0.3815365831057231,0.0
g10_fastgan_cropped,428,1.2128709898940448,1.0206657527335758,0.04731581040561713,0.5371079867084821,0.3902379088103771,0.3663499591251214,0.0
g10_fastgan_cropped,429,1.2129961231659199,1.0195462654890686,0.04751219642188015,0.5416765374441942,0.3958427297572295,0.3679848338166873,0.0
g10_fastgan_cropped,430,1.2120986848041928,1.0219086878772439,0.04747280902389822,0.5220687674979368,0.3848039582371712,0.38174279034137726,0.0
g10_fastgan_cropped,431,1.2123456330134952,1.0213899982386623,0.047565948812226796,0.5385769593218962,0.3915374105175336,0.3705422791341941,0.0
g10_fastgan_cropped,432,1.211690657611551,1.023207047633056,0.047371008593974445,0.5355688370764256,0.3920012464125951,0.3666805935402711,0.0
g10_fastgan_cropped,433,1.2114935183319553,1.022117785852531,0.04720151475791273,0.5399072269598643,0.3935844774047534,0.36403005570173264,0.0
g10_fastgan_cropped,434,1.2129051330788383,1.0158190128618274,0.04716386734347405,0.5285102178653082,0.39187513291835785,0.3738587920864423,0.0
g10_fastgan_cropped,435,1.2103573844350617,1.022238069567187,0.047456004448106576,0.5321067770322164,0.3863690172632535,0.37260078514615697,0.0
g10_fastgan_cropped,436,1.2112838887962802,1.0166954241436104,0.04732193187649908,0.5372690049310526,0.39516348640124005,0.37336189796527225,0.0
g10_fastgan_cropped,437,1.2119259880534534,1.019734223854953,0.04729662586710062,0.5214500514169534,0.3771859680612882,0.3835662653048833,0.0
g10_fastgan_cropped,438,1.211722070287014,1.0155058210266048,0.04728798654958092,0.5434393187363943,0.4024883558352788,0.35863403230905533,0.0
g10_fastgan_cropped,439,1.2113421847080361,1.0203825122323529,0.047280753368576026,0.5392118530968825,0.3961774768928687,0.3730749723811944,0.0
g10_fastgan_cropped,440,1.2131987404206703,1.019420027219016,0.047173960150444304,0.5147074324389299,0.3737703822553158,0.38467660049597424,0.0
g10_fastgan_cropped,441,1.2117635792699353,1.0177095154749936,0.047299860398574124,0.5325823823610941,0.38736902674039203,0.3679926134645939,0.0
g10_fastgan_cropped,442,1.2132967248045166,1.0187003502044185,0.047287913151727666,0.5434013791382313,0.3991936631500721,0.3796531868477662,0.0
g10_fastgan_cropped,443,1.2113282932289715,1.0191196280306782,0.04734223767922356,0.5349968013664087,0.39050157989064854,0.3764972997208436,0.0
g10_fastgan_cropped,444,1.2101850643240173,1.0154565092304657,0.04715051243467064,0.5444654300808907,0.40310727059841156,0.36423436055580777,0.0
g10_fastgan_cropped,445,1.2103000411699558,1.0166591678200096,0.047094364120657074,0.5207852274179459,0.377839511881272,0.3832600489258766,0.0
g10_fastgan_cropped,446,1.211116345278148,1.0193548539075359,0.04715419233102223,0.5331931834419569,0.3866364595790704,0.37601806968450546,0.0
g10_fastgan_cropped,447,1.2118269112603417,1.0187224049506516,0.04711175795066459,0.5450958199799061,0.39992806563774747,0.3651919017235438,0.0
g10_fastgan_cropped,448,1.2117467584281132,1.0208758865964824,0.04712542061340706,0.5310783063371977,0.3896765199800332,0.3735976355771224,0.0
g10_fastgan_cropped,449,1.2101076178509613,1.0218949649354507,0.04722987958390651,0.5385790094733238,0.3870118161042531,0.371631587545077,0.0
g10_fastgan_cropped,450,1.2111967884261032,1.0204616851847748,0.0471747643314302,0.5400020604332288,0.3934590083857377,0.3703564318517844,0.0
g10_fastgan_cropped,451,1.212822867364719,1.0158315681177994,0.047013351613463,0.5287421308457851,0.387815256913503,0.37681417415539425,0.0
g10_fastgan_cropped,452,1.2118519354483177,1.022362908669587,0.04718909513783352,0.5385800898075104,0.38730081791679066,0.3688885880013307,0.0
g10_fastgan_cropped,453,1.2119368751501214,1.0223171767489663,0.04714760057435467,0.5326675449808439,0.38986628750960034,0.3680291833976905,0.0
g10_fastgan_cropped,454,1.2098209035807643,1.017842793516044,0.04733388983355514,0.5303050490717093,0.38723234459757805,0.3792506232857704,0.0
g10_fastgan_cropped,455,1.210017414442424,1.0199898946388015,0.04699174809301722,0.540446326136589,0.39380378896991414,0.3752092570066452,0.0
g10_fastgan_cropped,456,1.210804024133189,1.0194249664401185,0.047154915695688845,0.5262406753997008,0.38293422013521194,0.3786994479596615,0.0
g10_fastgan_cropped,457,1.2113748706620315,1.0242025795681724,0.04702729282194171,0.5428514890372753,0.39479149008790654,0.3663691108425458,0.0
g10_fastgan_cropped,458,1.210409228657854,1.0217452496290207,0.047197099678732195,0.5333390161395073,0.38695816198984784,0.37594664841890335,0.0
g10_fastgan_cropped,459,1.2089130899001812,1.0209786958735565,0.046895378767031023,0.525969119121631,0.3817064439256986,0.372480987260739,0.0
g10_fastgan_cropped,460,1.210567107488369,1.0219264575119675,0.04707456757475076,0.5300313333670298,0.38746264576911926,0.3746890413264434,0.0
g10_fastgan_cropped,461,1.2113573432996356,1.0176500726876587,0.047175662319079555,0.5397610825796922,0.39460047831137973,0.3679102932413419,0.0
g10_fastgan_cropped,462,1.2100704199281231,1.0176402579607635,0.04711261463897495,0.5341943067808946,0.3884637753168742,0.37576382607221603,0.0
g10_fastgan_cropped,463,1.211472479433849,1.0256121025003235,0.04706443067447379,0.5251043277482191,0.38088634858528775,0.37554358194271725,0.0
g10_fastgan_cropped,464,1.2096074228656704,1.024191457649757,0.04704563798190191,0.528904971977075,0.38314884280165035,0.3741517352561156,0.0
g10_fastgan_cropped,465,1.210115870011264,1.0172447343838626,0.046998662055181016,0.531774464994669,0.3899438666800658,0.37854626153906185,0.0
g10_fastgan_cropped,466,1.2102154077127063,1.0169367520459767,0.046990826308470346,0.5435420249899229,0.39594899863004684,0.36837708825866383,0.0
g10_fastgan_cropped,467,1.2111870137781933,1.0182812290972676,0.047034745506043064,0.5345614192386469,0.38964556778470677,0.3729108087718487,0.0
g10_fastgan_cropped,468,1.210279593693799,1.0201493280714955,0.0470048059420339,0.5242965792616209,0.3805814820031325,0.3817986473441124,0.0
g10_fastgan_cropped,469,1.2109818761718685,1.0149652161474885,0.047120578057164776,0.5321688527862231,0.38684454063574475,0.375812200208505,0.0
g10_fastgan_cropped,470,1.2113956922087177,1.0203394781926582,0.04692828958725621,0.5342517929772536,0.38991308957338333,0.366117637604475,0.0
g10_fastgan_cropped,471,1.2100445217099682,1.0232301228519143,0.04698812617952454,0.536912684639295,0.3920972856382529,0.36746329814195633,0.0
g10_fastgan_cropped,472,1.2100426955469723,1.0142488487321755,0.047146298280306934,0.5278262719511986,0.38951290771365166,0.3778649518887202,0.0
g10_fastgan_cropped,473,1.2074468012513786,1.0209573443079818,0.046763867460962,0.5444978711505731,0.39194272831082344,0.37470852211117744,0.0
g10_fastgan_cropped,474,1.211112920066406,1.0248642486744914,0.046933619771152735,0.5257652923464775,0.37912556529045105,0.3793254941701889,0.0
g10_fastgan_cropped,475,1.2100689041203465,1.0186433840928406,0.047062418760796046,0.5526295577486356,0.4038065125544866,0.354942640910546,0.0
g10_fastgan_cropped,476,1.2068624398831664,1.0226201471583596,0.047099558443858706,0.5368414980669817,0.38987241064508754,0.3723992345233758,0.0
g10_fastgan_cropped,477,1.2098504561802437,1.022079955914925,0.046956552401313495,0.5476267089446386,0.3956555550297101,0.36183077469468117,0.0
g10_fastgan_cropped,478,1.2099617765895252,1.0217899209980308,0.04691847755798492,0.5296054594218731,0.3846147147317727,0.37107885753115016,0.0
g10_fastgan_cropped,479,1.2100437226994285,1.016654745258134,0.04708779779873017,0.5295298161605994,0.38760903601845104,0.36971791336933774,0.0
g10_fastgan_cropped,480,1.2106143611258473,1.0216795146979134,0.04693285130157039,0.5302822800974051,0.3861820138990879,0.3752752095460892,0.0
g10_fastgan_cropped,481,1.2079500293937222,1.0183518182100921,0.04698738678968672,0.5432820841670036,0.39453162997961044,0.36518049115935963,0.0
g10_fastgan_cropped,482,1.2103999611632577,1.0195081074689996,0.04715302454885738,0.5349621263643106,0.3928646668791771,0.3731236904859543,0.0
g10_fastgan_cropped,483,1.2085708564725415,1.022976419792093,0.046967445358890914,0.5402321318785349,0.3895539790391922,0.3651963770389557,0.0
g10_fastgan_cropped,484,1.210515150222285,1.0177423524959335,0.047026586847315574,0.5194739525516828,0.37665553266803425,0.37844447791576385,0.0
g10_fastgan_cropped,485,1.2086535774428269,1.0190604064485123,0.046944750537132394,0.5234610723952452,0.37980690225958824,0.38147222250699997,0.0
g10_fastgan_cropped,486,1.2102994369021778,1.018218777303038,0.04698135154642936,0.5331289855142435,0.3909772572418054,0.37244747454921406,0.0
g10_fastgan_cropped,487,1.208272521865779,1.023369900368411,0.046897491777379965,0.54017174243927,0.3930776131649812,0.36969518785675365,0.0
g10_fastgan_cropped,488,1.2102457675440559,1.0189089081410705,0.04682393588832226,0.547446126739184,0.4008619785308838,0.3554045036435127,0.0
g10_fastgan_cropped,489,1.2084753852466057,1.017595295505277,0.046947714599684394,0.5421831098695596,0.3960052977005641,0.3706447494526704,0.0
g10_fastgan_cropped,490,1.2091380285805668,1.0200023317131504,0.04696798176857932,0.5432174553473791,0.39311761905749637,0.37064924960335094,0.0
g10_fastgan_cropped,491,1.2101553853215843,1.0181405235981118,0.046769674690761445,0.5255509006480376,0.381756824751695,0.3763926761845748,0.0
g10_fastgan_cropped,492,1.2086504492266426,1.015349032293106,0.04681941494345665,0.5333522285024325,0.38996805623173714,0.3692314699292183,0.0
g10_fastgan_cropped,493,1.2091023932243217,1.02574551799174,0.04675349538567765,0.5228523475428423,0.3819223418831825,0.37726053843895596,0.0
g10_fastgan_cropped,494,1.2085650111066883,1.0184366988210842,0.046802118404543604,0.5363261265059313,0.3897193831702073,0.371848501265049,0.0
g10_fastgan_cropped,495,1.2086443120035633,1.0212278661542926,0.046751902406585624,0.5383838887015978,0.39264318098624545,0.3708365100125472,0.0
g10_fastgan_cropped,496,1.2081411907385136,1.0206865321459442,0.046954196010684145,0.5199120367566744,0.3776697665452957,0.37765270099043846,0.0
g10_fastgan_cropped,497,1.209055432985569,1.0214029571105694,0.046554824064389384,0.5284222712119421,0.3860903965930144,0.38071418056885403,0.0
g10_fastgan_cropped,498,1.209507821962751,1.0196630094071915,0.04696453833181796,0.5391171847780546,0.3949650600552559,0.37014176572362584,0.0
g10_fastgan_cropped,499,1.2062642296840405,1.0220715950789123,0.04671321362899295,0.5459391362965107,0.39727145185073215,0.36704310153921443,0.0
g10_fastgan_cropped,500,1.208825072337841,1.0203038035281773,0.0468480855804579,0.5338592380285263,0.38535650074481964,0.3685152294735114,0.0
