run_name,epoch
g9_pretrained_gans,1
g9_pretrained_gans,2
g9_pretrained_gans,3
g9_pretrained_gans,4
g9_pretrained_gans,5
g9_pretrained_gans,6
g9_pretrained_gans,7
g9_pretrained_gans,8
g9_pretrained_gans,9
g9_pretrained_gans,10
g9_pretrained_gans,11
g9_pretrained_gans,12
g9_pretrained_gans,13
g9_pretrained_gans,14
g9_pretrained_gans,15
g9_pretrained_gans,16
g9_pretrained_gans,17
g9_pretrained_gans,18
g9_pretrained_gans,19
g9_pretrained_gans,20
g9_pretrained_gans,21
g9_pretrained_gans,22
g9_pretrained_gans,23
g9_pretrained_gans,24
g9_pretrained_gans,25
g9_pretrained_gans,26
g9_pretrained_gans,27
g9_pretrained_gans,28
g9_pretrained_gans,29
g9_pretrained_gans,30
g9_pretrained_gans,31
g9_pretrained_gans,32
g9_pretrained_gans,33
g9_pretrained_gans,34
g9_pretrained_gans,35
g9_pretrained_gans,36
g9_pretrained_gans,37
g9_pretrained_gans,38
g9_pretrained_gans,39
g9_pretrained_gans,40
g9_pretrained_gans,41
g9_pretrained_gans,42
g9_pretrained_gans,43
g9_pretrained_gans,44
g9_pretrained_gans,45
g9_pretrained_gans,46
g9_pretrained_gans,47
g9_pretrained_gans,48
g9_pretrained_gans,49
g9_pretrained_gans,50
g9_pretrained_gans,51
g9_pretrained_gans,52
g9_pretrained_gans,53
g9_pretrained_gans,54
g9_pretrained_gans,55
g9_pretrained_gans,56
g9_pretrained_gans,57
g9_pretrained_gans,58
g9_pretrained_gans,59
g9_pretrained_gans,60
g9_pretrained_gans,61
g9_pretrained_gans,62
g9_pretrained_gans,63
g9_pretrained_gans,64
g9_pretrained_gans,65
g9_pretrained_gans,66
g9_pretrained_gans,67
g9_pretrained_gans,68
g9_pretrained_gans,69
g9_pretrained_gans,70
g9_pretrained_gans,71
g9_pretrained_gans,72
g9_pretrained_gans,73
g9_pretrained_gans,74
g9_pretrained_gans,75
g9_pretrained_gans,76
g9_pretrained_gans,77
g9_pretrained_gans,78
g9_pretrained_gans,79
g9_pretrained_gans,80
g9_pretrained_gans,81
g9_pretrained_gans,82
g9_pretrained_gans,83
g9_pretrained_gans,84
g9_pretrained_gans,85
g9_pretrained_gans,86
g9_pretrained_gans,87
g9_pretrained_gans,88
g9_pretrained_gans,89
g9_pretrained_gans,90
g9_pretrained_gans,91
g9_pretrained_gans,92
g9_pretrained_gans,93
g9_pretrained_gans,94
g9_pretrained_gans,95
g9_pretrained_gans,96
g9_pretrained_gans,97
g9_pretrained_gans,98
g9_pretrained_gans,99
g9_pretrained_gans,100
g9_pretrained_gans,101
g9_pretrained_gans,102
g9_pretrained_gans,103
g9_pretrained_gans,104
g9_pretrained_gans,105
g9_pretrained_gans,106
g9_pretrained_gans,107
g9_pretrained_gans,108
g9_pretrained_gans,109
g9_pretrained_gans,110
g9_pretrained_gans,111
g9_pretrained_gans,112
g9_pretrained_gans,113
g9_pretrained_gans,114
g9_pretrained_gans,115
g9_pretrained_gans,116
g9_pretrained_gans,117
g9_pretrained_gans,118
g9_pretrained_gans,119
g9_pretrained_gans,120
g9_pretrained_gans,121
g9_pretrained_gans,122
g9_pretrained_gans,123
g9_pretrained_gans,124
g9_pretrained_gans,125
g9_pretrained_gans,126
g9_pretrained_gans,127
g9_pretrained_gans,128
g9_pretrained_gans,129
g9_pretrained_gans,130
g9_pretrained_gans,131
g9_pretrained_gans,132
g9_pretrained_gans,133
g9_pretrained_gans,134
g9_pretrained_gans,135
g9_pretrained_gans,136
g9_pretrained_gans,137
g9_pretrained_gans,138
g9_pretrained_gans,139
g9_pretrained_gans,140
g9_pretrained_gans,141
g9_pretrained_gans,142
g9_pretrained_gans,143
g9_pretrained_gans,144
g9_pretrained_gans,145
g9_pretrained_gans,146
g9_pretrained_gans,147
g9_pretrained_gans,148
g9_pretrained_gans,149
g9_pretrained_gans,150
g9_pretrained_gans,151
g9_pretrained_gans,152
g9_pretrained_gans,153
g9_pretrained_gans,154
g9_pretrained_gans,155
g9_pretrained_gans,156
g9_pretrained_gans,157
g9_pretrained_gans,158
g9_pretrained_gans,159
g9_pretrained_gans,160
g9_pretrained_gans,161
g9_pretrained_gans,162
g9_pretrained_gans,163
g9_pretrained_gans,164
g9_pretrained_gans,165
g9_pretrained_gans,166
g9_pretrained_gans,167
g9_pretrained_gans,168
g9_pretrained_gans,169
g9_pretrained_gans,170
g9_pretrained_gans,171
g9_pretrained_gans,172
g9_pretrained_gans,173
g9_pretrained_gans,174
g9_pretrained_gans,175
g9_pretrained_gans,176
g9_pretrained_gans,177
g9_pretrained_gans,178
g9_pretrained_gans,179
g9_pretrained_gans,180
g9_pretrained_gans,181
g9_pretrained_gans,182
g9_pretrained_gans,183
g9_pretrained_gans,184
g9_pretrained_gans,185
g9_pretrained_gans,186
g9_pretrained_gans,187
g9_pretrained_gans,188
g9_pretrained_gans,189
g9_pretrained_gans,190
g9_pretrained_gans,191
g9_pretrained_gans,192
g9_pretrained_gans,193
g9_pretrained_gans,194
g9_pretrained_gans,195
g9_pretrained_gans,196
g9_pretrained_gans,197
g9_pretrained_gans,198
g9_pretrained_gans,199
g9_pretrained_gans,200
g9_pretrained_gans,201
g9_pretrained_gans,202
g9_pretrained_gans,203
g9_pretrained_gans,204
g9_pretrained_gans,205
g9_pretrained_gans,206
g9_pretrained_gans,207
g9_pretrained_gans,208
g9_pretrained_gans,209
g9_pretrained_gans,210
g9_pretrained_gans,211
g9_pretrained_gans,212
g9_pretrained_gans,213
g9_pretrained_gans,214
g9_pretrained_gans,215
g9_pretrained_gans,216
g9_pretrained_gans,217
g9_pretrained_gans,218
g9_pretrained_gans,219
g9_pretrained_gans,220
g9_pretrained_gans,221
g9_pretrained_gans,222
g9_pretrained_gans,223
g9_pretrained_gans,224
g9_pretrained_gans,225
g9_pretrained_gans,226
g9_pretrained_gans,227
g9_pretrained_gans,228
g9_pretrained_gans,229
g9_pretrained_gans,230
g9_pretrained_gans,231
g9_pretrained_gans,232
g9_pretrained_gans,233
g9_pretrained_gans,234
g9_pretrained_gans,235
g9_pretrained_gans,236
g9_pretrained_gans,237
g9_pretrained_gans,238
g9_pretrained_gans,239
g9_pretrained_gans,240
g9_pretrained_gans,241
g9_pretrained_gans,242
g9_pretrained_gans,243
g9_pretrained_gans,244
g9_pretrained_gans,245
g9_pretrained_gans,246
g9_pretrained_gans,247
g9_pretrained_gans,248
g9_pretrained_gans,249
g9_pretrained_gans,250
g9_pretrained_gans,251
g9_pretrained_gans,252
g9_pretrained_gans,253
g9_pretrained_gans,254
g9_pretrained_gans,255
g9_pretrained_gans,256
g9_pretrained_gans,257
g9_pretrained_gans,258
g9_pretrained_gans,259
g9_pretrained_gans,260
g9_pretrained_gans,261
g9_pretrained_gans,262
g9_pretrained_gans,263
g9_pretrained_gans,264
g9_pretrained_gans,265
g9_pretrained_gans,266
g9_pretrained_gans,267
g9_pretrained_gans,268
g9_pretrained_gans,269
g9_pretrained_gans,270
g9_pretrained_gans,271
g9_pretrained_gans,272
g9_pretrained_gans,273
g9_pretrained_gans,274
g9_pretrained_gans,275
g9_pretrained_gans,276
g9_pretrained_gans,277
g9_pretrained_gans,278
g9_pretrained_gans,279
g9_pretrained_gans,280
g9_pretrained_gans,281
g9_pretrained_gans,282
g9_pretrained_gans,283
g9_pretrained_gans,284
g9_pretrained_gans,285
g9_pretrained_gans,286
g9_pretrained_gans,287
g9_pretrained_gans,288
g9_pretrained_gans,289
g9_pretrained_gans,290
g9_pretrained_gans,291
g9_pretrained_gans,292
g9_pretrained_gans,293
g9_pretrained_gans,294
g9_pretrained_gans,295
g9_pretrained_gans,296
g9_pretrained_gans,297
g9_pretrained_gans,298
g9_pretrained_gans,299
g9_pretrained_gans,300
g9_pretrained_gans,301
g9_pretrained_gans,302
g9_pretrained_gans,303
g9_pretrained_gans,304
g9_pretrained_gans,305
g9_pretrained_gans,306
g9_pretrained_gans,307
g9_pretrained_gans,308
g9_pretrained_gans,309
g9_pretrained_gans,310
g9_pretrained_gans,311
g9_pretrained_gans,312
g9_pretrained_gans,313
g9_pretrained_gans,314
g9_pretrained_gans,315
g9_pretrained_gans,316
g9_pretrained_gans,317
g9_pretrained_gans,318
g9_pretrained_gans,319
g9_pretrained_gans,320
g9_pretrained_gans,321
g9_pretrained_gans,322
g9_pretrained_gans,323
g9_pretrained_gans,324
g9_pretrained_gans,325
g9_pretrained_gans,326
g9_pretrained_gans,327
g9_pretrained_gans,328
g9_pretrained_gans,329
g9_pretrained_gans,330
g9_pretrained_gans,331
g9_pretrained_gans,332
g9_pretrained_gans,333
g9_pretrained_gans,334
g9_pretrained_gans,335
g9_pretrained_gans,336
g9_pretrained_gans,337
g9_pretrained_gans,338
g9_pretrained_gans,339
g9_pretrained_gans,340
g9_pretrained_gans,341
g9_pretrained_gans,342
g9_pretrained_gans,343
g9_pretrained_gans,344
g9_pretrained_gans,345
g9_pretrained_gans,346
g9_pretrained_gans,347
g9_pretrained_gans,348
g9_pretrained_gans,349
g9_pretrained_gans,350
g9_pretrained_gans,351
g9_pretrained_gans,352
g9_pretrained_gans,353
g9_pretrained_gans,354
g9_pretrained_gans,355
g9_pretrained_gans,356
g9_pretrained_gans,357
g9_pretrained_gans,358
g9_pretrained_gans,359
g9_pretrained_gans,360
g9_pretrained_gans,361
g9_pretrained_gans,362
g9_pretrained_gans,363
g9_pretrained_gans,364
g9_pretrained_gans,365
g9_pretrained_gans,366
g9_pretrained_gans,367
g9_pretrained_gans,368
g9_pretrained_gans,369
g9_pretrained_gans,370
g9_pretrained_gans,371
g9_pretrained_gans,372
g9_pretrained_gans,373
g9_pretrained_gans,374
g9_pretrained_gans,375
g9_pretrained_gans,376
g9_pretrained_gans,377
g9_pretrained_gans,378
g9_pretrained_gans,379
g9_pretrained_gans,380
g9_pretrained_gans,381
g9_pretrained_gans,382
g9_pretrained_gans,383
g9_pretrained_gans,384
g9_pretrained_gans,385
g9_pretrained_gans,386
g9_pretrained_gans,387
g9_pretrained_gans,388
g9_pretrained_gans,389
g9_pretrained_gans,390
g9_pretrained_gans,391
g9_pretrained_gans,392
g9_pretrained_gans,393
g9_pretrained_gans,394
g9_pretrained_gans,395
g9_pretrained_gans,396
g9_pretrained_gans,397
g9_pretrained_gans,398
g9_pretrained_gans,399
g9_pretrained_gans,400
